{
  "project_info": {
    "project_number": "774930010578",
    "firebase_url": "https://ishop-a3f06.firebaseio.com",
    "project_id": "ishop-a3f06",
    "storage_bucket": "ishop-a3f06.appspot.com"
  },
  "client": [
    {
      "client_info": {
        "mobilesdk_app_id": "1:774930010578:android:d89ddd7d00dbc742c9b80b",
        "android_client_info": {
          "package_name": "com.example.ishop"
        }
      },
      "oauth_client": [
        {
          "client_id": "774930010578-usf9aeeiblmqe2ufr3ik9bh57l6blrqu.apps.googleusercontent.com",
          "client_type": 1,
          "android_info": {
            "package_name": "com.example.ishop",
            "certificate_hash": "58f8e0d456f4d3b3028d4f0edf1872fc93706a4e"
          }
        },
        {
          "client_id": "774930010578-0ioddfpek33fnrk7la1q9ulnvvvtauu1.apps.googleusercontent.com",
          "client_type": 3
        }
      ],
      "api_key": [
        {
          "current_key": "AIzaSyD-5F9Nk5Fw0s58Pv1h1sgpmgcdm2WcHA4"
        }
      ],
      "services": {
        "appinvite_service": {
          "other_platform_oauth_client": [
            {
              "client_id": "774930010578-0ioddfpek33fnrk7la1q9ulnvvvtauu1.apps.googleusercontent.com",
              "client_type": 3
            }
          ]
        }
      }
    }
  ],
  "configuration_version": "1"
}